{
    "loss": 0.7007823586463928,
    "accuracy": 0.5467625856399536
}