{
    "loss": 0.6624956130981445,
    "accuracy": 0.5323740839958191
}